section;key;weekend;dag;avond
header;name_1;Sebastiaan;Sebastiaan;Sebastiaan
header;name_2;Esmeralda;Esmeralda;Esmeralda
header;date;30 oktober — 1 november 2026;31 oktober 2026;31 oktober 2026
header;subtitle;;;
letter;text;Lieve familie en vrienden,\n\nMet natte sokken en heel veel spanning begon vorig jaar op 17 mei bovenop ons dak dit avontuur samen. We stapten hierna de auto in en gingen naar één van onze lievelingsplekken op aarde om onze verloving te vieren: Parijs.\n\nNu, meer dan een jaar later, komt onze bruiloft steeds dichterbij en verplaatsen we ons naar een andere belangrijke plek voor ons: Zeeland. We vinden het onwijs fijn en bijzonder om ons huwelijk op deze manier samen met jou te vieren. Op 31 oktober geven wij elkaar het ja-woord op Landgoed Twistvliet, in Vrouwenpolder.\n\nDeze keer hopelijk met minder natte sokken, maar waarschijnlijk evenveel spanning en enthousiasme. En dat eerste moet vast goed komen, want in Zeeland schijnt altijd de zon. We kijken er enorm naar uit om dit met jou te vieren. Op naar een fantastisch weekend!\n\nLiefs,;Lieve familie en vrienden,\n\nMet natte sokken en heel veel spanning begon vorig jaar op 17 mei bovenop ons dak dit avontuur samen. We stapten hierna de auto in en gingen naar één van onze lievelingsplekken op aarde om onze verloving te vieren: Parijs.\n\nNu, meer dan een jaar later, komt onze bruiloft steeds dichterbij en verplaatsen we ons naar een andere belangrijke plek voor ons: Zeeland. We vinden het onwijs fijn en bijzonder om ons huwelijk op deze manier samen met jou te vieren. Op 31 oktober geven wij elkaar het ja-woord op Landgoed Twistvliet, in Vrouwenpolder.\n\nDeze keer hopelijk met minder natte sokken, maar waarschijnlijk evenveel spanning en enthousiasme. En dat eerste moet vast goed komen, want in Zeeland schijnt altijd de zon. We kijken er enorm naar uit om dit met jou te vieren. Op naar een fantastische dag!\n\nLiefs,;Lieve allemaal,\n\nMet natte sokken en heel veel spanning begon vorig jaar op 17 mei bovenop ons dak dit avontuur samen. We stapten hierna de auto in en gingen naar één van onze lievelingsplekken op aarde om onze verloving te vieren: Parijs.\n\nNu, meer dan een jaar later, komt onze bruiloft steeds dichterbij en verplaatsen we ons naar een andere belangrijke plek voor ons: Zeeland. We vinden het onwijs fijn en bijzonder om ons huwelijk op deze manier samen met jou te vieren. Op 31 oktober geven wij elkaar het ja-woord op Landgoed Twistvliet, in Vrouwenpolder.\n\nDeze keer hopelijk met minder natte sokken, maar waarschijnlijk evenveel spanning en enthousiasme. En dat eerste moet vast goed komen, want in Zeeland schijnt altijd de zon. We kijken er enorm naar uit om dit met jou te vieren. Op naar een fantastische dag!\n\nLiefs,
location;venue_name;Landgoed Twistvliet;Landgoed Twistvliet;Landgoed Twistvliet
location;address;Koningin Emmaweg 4, 4354 KC Vrouwenpolder;Koningin Emmaweg 4, 4354 KC Vrouwenpolder;Koningin Emmaweg 4, 4354 KC Vrouwenpolder
location;region;Zeeland;Zeeland;Zeeland
location;arrival_note;Check-in vrijdagmiddag vanaf 17:00. Om 18:00 proosten we op een mooi weekend in de Kasteelzaal.;We ontvangen jullie graag om 13:30 op Landgoed Twistvliet met koffie & pastries.;We heten je graag welkom op Landgoed Twistvliet voor zowel de ceremonie (14:45), als het feest (20:30).
location;maps_query;Landgoed+Twistvliet+Vrouwenpolder+Zeeland;Landgoed+Twistvliet+Vrouwenpolder+Zeeland;Landgoed+Twistvliet+Vrouwenpolder+Zeeland
program;day_1_label;Vrijdag 30 oktober;Zaterdag 31 oktober;Zaterdag 31 oktober
program;day_1_1_time;17:00;13:30;14:45
program;day_1_1_title;Aankomst & inchecken;Aankomst met koffie, thee en pastries;Ceremonie
program;day_1_1_detail;Welkom op Landgoed Twistvliet! Check in bij je huisje en maak je klaar voor de eerste avond.;Welkom op Landgoed Twistvliet! We zien elkaar in de Kasteelzaal.;We zouden het leuk vinden als je bij de ceremonie aanwezig bent.
program;day_1_2_time;18:00;;16:15
program;day_1_2_title;Welkom met champagne;;Einde ceremonie
program;day_1_2_detail;In de Kasteelzaal proosten we samen op een mooi weekend met een glas bubbels.;;We verwachten dat de ceremonie tot 16:15 duurt. Daarna zien we je graag om 20:30 terug voor de receptie en het feest.
program;day_1_3_time;;15:00;20:30
program;day_1_3_title;;Ceremonie;Receptie
program;day_1_3_detail;;Trouwceremonie in de Orangerie.;We ontvangen jullie graag tijdens de receptie op Landgoed Twistvliet.
program;day_1_4_time;18:30;16:15;21:00
program;day_1_4_title;Walking diner;Borrel;Feest
program;day_1_4_detail;Informeel diner in de Orangerie.;Oesters & bubbels om te vieren dat wij getrouwd zijn.;De dansvloer wacht!
program;day_1_5_time;20:00;17:30;00:30
program;day_1_5_title;Avondprogramma;Diner;Einde feest
program;day_1_5_detail;Borrelavond in de Kasteelzaal.;Formeel diner in de Orangerie.;Bedankt voor deze onvergetelijke dag.
program;day_1_6_time;22:00;20:30;
program;day_1_6_title;Eind programma;Aankomst avondgasten & receptie;
program;day_1_6_detail;Tot sinas.;De bar is geopend en we beginnen de feestavond met een receptie.;
program;day_1_7_time;;21:00;
program;day_1_7_title;;Feest;
program;day_1_7_detail;;De dansvloer wacht!;
program;day_1_8_time;;00:30;
program;day_1_8_title;;Einde feest;
program;day_1_8_detail;;Bedankt voor deze onvergetelijke dag.;
program;day_2_label;Zaterdag 31 oktober;;
program;day_2_1_time;09:00;;
program;day_2_1_title;Ontbijt;;
program;day_2_1_detail;Tot 10 uur kun je op eigen gelegenheid ontbijten in de ontbijtzaal. De rest van de ochtend staat niks gepland. Je kunt in de omgeving mooi wandelen en hardlopen, voel je vrij om erop uit te gaan.;;
program;day_2_2_time;11:45;;
program;day_2_2_title;First look;;
program;day_2_2_detail;De officiële trouwdag starten we in de Kasteelzaal.;;
program;day_2_3_time;12:00;;
program;day_2_3_title;Lunch;;
program;day_2_3_detail;Aansluitend aan de first look is er een lunch.;;
program;day_2_4_time;13:30;;
program;day_2_4_title;Koffie, thee & pastries;;
program;day_2_4_detail;Samen met de daggasten.;;
program;day_2_5_time;15:00;;
program;day_2_5_title;Ceremonie;;
program;day_2_5_detail;Trouwceremonie in de Orangerie.;;
program;day_2_6_time;16:15;;
program;day_2_6_title;Borrel;;
program;day_2_6_detail;Oesters & bubbels om te vieren dat wij getrouwd zijn.;;
program;day_2_7_time;17:30;;
program;day_2_7_title;Diner;;
program;day_2_7_detail;Formeel diner in de Orangerie.;;
program;day_2_8_time;20:30;;
program;day_2_8_title;Aankomst avondgasten & receptie;;
program;day_2_8_detail;De bar is geopend en we beginnen de feestavond met een receptie.;;
program;day_2_9_time;21:00;;
program;day_2_9_title;Feest;;
program;day_2_9_detail;De dansvloer wacht!;;
program;day_2_10_time;00:30;;
program;day_2_10_title;Einde feest;;
program;day_2_10_detail;Dronken je bed weer in.;;
program;day_3_label;Zondag 1 november;;
program;day_3_1_time;10:00;;
program;day_3_1_title;Gezamenlijk ontbijt & afscheid;;
program;day_3_1_detail;Check voor het ontbijt uit en zet je spullen alvast in de auto. Je mag de sleutel van het huisje in het slot laten zitten.;;
program;day_3_2_time;;;
program;day_3_2_title;;;
program;day_3_2_detail;;;
acts;title;Speech houden? Act doen?;Speech houden? Act doen?;Speech houden? Act doen?
acts;text;Neem even contact op met ceremoniemeester Priscilla Been. Zij weet precies wat we wel en niet willen en wanneer hier ruimte voor is.;Neem even contact op met ceremoniemeester Priscilla Been. Zij weet precies wat we wel en niet willen en wanneer hier ruimte voor is.;Neem even contact op met ceremoniemeester Priscilla Been. Zij weet precies wat we wel en niet willen en wanneer hier ruimte voor is.
acts;email;pris.is.ceremoniemeester@gmail.com;pris.is.ceremoniemeester@gmail.com;pris.is.ceremoniemeester@gmail.com
gift;title;Wijncursus;Wijncursus;Wijncursus
gift;text;We volgen graag samen de SDEN-3 wijncursus. Een bijdrage daarvoor is het mooiste cadeau dat je ons kunt geven. Je kunt die achterlaten in de cadeaubox bij de ingang van het feest.;We volgen graag samen de SDEN-3 wijncursus. Een bijdrage daarvoor is het mooiste cadeau dat je ons kunt geven. Je kunt die achterlaten in de cadeaubox bij de ingang van het feest.;We volgen graag samen de SDEN-3 wijncursus. Een bijdrage daarvoor is het mooiste cadeau dat je ons kunt geven. Je kunt die achterlaten in de cadeaubox bij de ingang van het feest.
faq;1_q;Wat als ik onverhoopt toch niet kan komen?;Wat als ik onverhoopt toch niet kan komen?;Wat als ik onverhoopt toch niet kan komen?
faq;1_a;Dat vinden we jammer, maar laat het zo snel mogelijk weten aan ceremoniemeester Priscilla via <a href='mailto:pris.is.ceremoniemeester@gmail.com'>pris.is.ceremoniemeester@gmail.com</a>.;Dat vinden we jammer, maar laat het zo snel mogelijk weten aan ceremoniemeester Priscilla via <a href='mailto:pris.is.ceremoniemeester@gmail.com'>pris.is.ceremoniemeester@gmail.com</a>.;Dat vinden we jammer, maar laat het zo snel mogelijk weten aan ceremoniemeester Priscilla via <a href='mailto:pris.is.ceremoniemeester@gmail.com'>pris.is.ceremoniemeester@gmail.com</a>.
faq;2_q;Kan ik een verzoeknummer aanvragen?;Kan ik een verzoeknummer aanvragen?;Kan ik een verzoeknummer aanvragen?
faq;2_a;Ja! Zie <a href='#verzoekje'>verzoeknummer</a>.;Ja! Zie <a href='#verzoekje'>verzoeknummer</a>.;Ja! Zie <a href='#verzoekje'>verzoeknummer</a>.
faq;3_q;Wat is de dresscode?;Wat is de dresscode?;Wat is de dresscode?
faq;3_a;Zaterdag: sjiek-de-friemel. Vrijdag: iets minder sjiek-de-friemel.;Sjiek-de-friemel;Sjiek-de-friemel
faq;4_q;Wat betekent sjiek-de-friemel?;Wat betekent sjiek-de-friemel?;Wat betekent sjiek-de-friemel?
faq;4_a;Sjiek-de-friemel is geen kleurcode of strak voorschrift. Het staat voor de feestoutfit, waar jij je op je allermooist in voelt. Voor sommigen is dit van je dagelijkse spijkerbroek naar een pantalon met mooi overhemd, en voor anderen is dat van een pantalon naar een 3-delig pak.;Sjiek-de-friemel is geen kleurcode of strak voorschrift. Het staat voor de feestoutfit, waar jij je op je allermooist in voelt. Voor sommigen is dit van je dagelijkse spijkerbroek naar een pantalon met mooi overhemd, en voor anderen is dat van een pantalon naar een 3-delig pak.;Sjiek-de-friemel is geen kleurcode of strak voorschrift. Het staat voor de feestoutfit, waar jij je op je allermooist in voelt. Voor sommigen is dit van je dagelijkse spijkerbroek naar een pantalon met mooi overhemd, en voor anderen is dat van een pantalon naar een 3-delig pak.
faq;5_q;Wat betekent iets minder sjiek-de-friemel?;Hoe zit het met dieetwensen?;Mag ik ook naar de ceremonie komen?
faq;5_a;Iets minder sjiek-de-friemel betekent voor ons een feestelijke outfit die je op zaterdag nog kunt overtreffen.;Dieetwensen en allergieën die je bij je aanmelding hebt doorgegeven zijn bekend bij Twistvliet. Is er iets veranderd? Mail dan ceremoniemeester Priscilla via <a href='mailto:pris.is.ceremoniemeester@gmail.com'>pris.is.ceremoniemeester@gmail.com</a>.;Ja, dat zouden wij erg leuk vinden! Als je bij de ceremonie wil zijn, ben je vanaf 14:45 welkom op Landgoed Twistvliet. Na de ceremonie nemen we dan weer afscheid, en zien we je graag om 20:30 terug voor de receptie en het feest.
faq;6_q;Waar slaap ik?;Hoe zit het met parkeren?;Hoe zit het met dieetwensen?
faq;6_a;Je slaapt in een van de huisjes op het landgoed. Handdoeken en beddengoed zijn aanwezig. Zie de <a href='#plattegrond'>plattegrond</a>.;Er is voldoende gratis parkeerplek op het landgoed. Je auto kan de hele dag blijven staan.;Dieetwensen en allergieën die je bij je aanmelding hebt doorgegeven zijn bekend bij Twistvliet. Is er iets veranderd? Mail dan ceremoniemeester Priscilla via <a href='mailto:pris.is.ceremoniemeester@gmail.com'>pris.is.ceremoniemeester@gmail.com</a>.
faq;7_q;Hoe zit het met dieetwensen?;Wat als het regent?;Hoe zit het met parkeren?
faq;7_a;Dieetwensen en allergieën die je bij je aanmelding hebt doorgegeven zijn bekend bij Twistvliet. Is er iets veranderd? Mail dan ceremoniemeester Priscilla via <a href='mailto:pris.is.ceremoniemeester@gmail.com'>pris.is.ceremoniemeester@gmail.com</a>.;Alle hoofdmomenten (ontvangst, ceremonie, diner, feest) zijn binnen in de Kasteelzaal en Orangerie, dus regen is geen probleem. Neem voor de zekerheid een paraplu mee om droog van je auto naar de binnenlocatie te lopen.;Er is voldoende gratis parkeerplek op het landgoed.
faq;8_q;Hoe zit het met parkeren?;Mag ik zelf opnames maken?;Wat als het regent?
faq;8_a;Er is voldoende gratis parkeerplek op het landgoed. Je auto kan het hele weekend blijven staan. Zie de <a href='#plattegrond'>plattegrond</a>.;"Ja, dat mag. Als je die ook wil posten, overleg dit dan even met het bruidspaar. Daarnaast is er een foto- en videograaf aanwezig. Zij zorgen dat alles wordt opgenomen. Ook de ceremonie wordt volledig vastgelegd. Omdat hun camera beter is dan die van jou, vragen we je om je telefoon of camera niet te gebruiken tijdens de ceremonie. Geloof ons, jij wil niet die persoon zijn die met een telefoon in de hand op de video staat ;-).";Alle hoofdmomenten (ontvangst, ceremonie, feest) zijn binnen in de Kasteelzaal en Orangerie, dus regen is geen probleem. Neem voor de zekerheid een paraplu mee om van de parkeerplaats naar de ingang te lopen.
faq;9_q;Wat als het regent?;Wat is jullie cadeautip?;Mag ik zelf opnames maken?
faq;9_a;Alle hoofdmomenten (ontvangst, ceremonie, diner, feest) zijn binnen in de Kasteelzaal en Orangerie, dus regen is geen probleem. Neem voor de zekerheid een paraplu mee om droog van je huisje naar de binnenlocatie te lopen.;Een bijdrage aan onze wijncursus is de mooiste gift. Zie ook <a href='#cadeau'>cadeau</a>.;"Ja, dat mag. Als je die ook wil posten, overleg dit dan even met het bruidspaar. Daarnaast is er een foto- en videograaf aanwezig. Zij zorgen dat alles wordt opgenomen. Ook de ceremonie wordt volledig vastgelegd. Omdat hun camera beter is dan die van jou, vragen we je om je telefoon of camera niet te gebruiken tijdens de ceremonie. Geloof ons, jij wil niet die persoon zijn die met een telefoon in de hand op de video staat ;-)."
faq;10_q;Mag ik zelf opnames maken?;Wie is de ceremoniemeester?;Wat is jullie cadeautip?
faq;10_a;"Ja, dat mag. Als je die ook wil posten, overleg dit dan even met het bruidspaar. Daarnaast is er op zaterdag een foto- en videograaf aanwezig. Zij zorgen dat alles wordt opgenomen. Ook de ceremonie wordt volledig vastgelegd. Omdat hun camera beter is dan die van jou, vragen we je om je telefoon of camera niet te gebruiken tijdens de ceremonie. Geloof ons, jij wil niet die persoon zijn die met een telefoon in de hand op de video staat ;-)";Onze ceremoniemeester is Priscilla Been. Zie ook <a href='#ceremoniemeester'>ceremoniemeester</a>.;Een bijdrage aan onze wijncursus is de mooiste gift. Zie ook <a href='#cadeau'>cadeau</a>.
faq;11_q;Wat is jullie cadeautip?;Mag ik een act doen of speech houden?;Wie is de ceremoniemeester?
faq;11_a;Een bijdrage aan onze wijncursus is de mooiste gift. Zie ook <a href='#cadeau'>cadeau</a>.;Tuurlijk! Zie voor meer informatie <a href='#acts'>speeches & acts</a>.;Onze ceremoniemeester is Priscilla Been. Zie ook <a href='#ceremoniemeester'>ceremoniemeester</a>.
faq;12_q;Wie is de ceremoniemeester?;;Mag ik een act doen of speech houden?
faq;12_a;Onze ceremoniemeester is Priscilla Been. Zie ook <a href='#ceremoniemeester'>ceremoniemeester</a>.;;Tuurlijk! Zie voor meer informatie <a href='#acts'>speeches & acts</a>.
faq;13_q;Mag ik een act doen of speech houden?;;
faq;13_a;Tuurlijk! Zie voor meer informatie <a href='#acts'>speeches & acts</a>.;;
faq;14_q;Wat moet ik doen om uit te checken?;;
faq;14_a;Neem al je spullen mee en laat de sleutel in de deur zitten. We ontbijten om 10 uur in de Orangerie.;;
faq;15_q;Waar is de bruiloft?;Waar is de bruiloft?;Waar is de bruiloft?
faq;15_a;Op Landgoed Twistvliet in Vrouwenpolder (Zeeland). Het adres en de routekaart vind je bij <a href='#locatie'>locatie</a>.;Op Landgoed Twistvliet in Vrouwenpolder (Zeeland). Het adres en de routekaart vind je bij <a href='#locatie'>locatie</a>.;Op Landgoed Twistvliet in Vrouwenpolder (Zeeland). Het adres en de routekaart vind je bij <a href='#locatie'>locatie</a>.
mc;name;Priscilla Been;Priscilla Been;Priscilla Been
mc;role;Ceremoniemeester;Ceremoniemeester;Ceremoniemeester
mc;text;Priscilla is onze ceremoniemeester en verantwoordelijk voor het goede verloop van het weekend. Mocht je hier op enige manier aan willen bijdragen, of extra vragen hebben dan kan Priscilla dit allemaal beantwoorden.;Priscilla is onze ceremoniemeester en verantwoordelijk voor het goede verloop van de dag. Mocht je hier op enige manier aan willen bijdragen, of extra vragen hebben dan kan Priscilla dit allemaal beantwoorden.;Priscilla is onze ceremoniemeester en verantwoordelijk voor het goede verloop van de dag. Mocht je hier op enige manier aan willen bijdragen, of extra vragen hebben dan kan Priscilla dit allemaal beantwoorden.
mc;email;pris.is.ceremoniemeester@gmail.com;pris.is.ceremoniemeester@gmail.com;pris.is.ceremoniemeester@gmail.com
songrequest;title;Welk nummer wil jij horen?;Welk nummer wil jij horen?;Welk nummer wil jij horen?
songrequest;text;Geef door welk nummer jou gegarandeerd de dansvloer op krijgt, dan doen de band en de DJ hun best om het te spelen.;Geef door welk nummer jou gegarandeerd de dansvloer op krijgt, dan doen de band en de DJ hun best om het te spelen.;Geef door welk nummer jou gegarandeerd de dansvloer op krijgt, dan doen de band en de DJ hun best om het te spelen.
songrequest;button_text;Nummer aanvragen;Nummer aanvragen;Nummer aanvragen
songrequest;url;https://gigdashboard.atyourservice.band/verzoekje?gig=158;https://gigdashboard.atyourservice.band/verzoekje?gig=158;https://gigdashboard.atyourservice.band/verzoekje?gig=158
map;title;Plattegrond van het landgoed;;
map;image;/images/plattegrond-twistvliet.webp;;
map;preview;/images/plattegrond-twistvliet-preview.webp;;
map;image_alt;Getekende plattegrond van Landgoed Twistvliet;;
